UserId,Username,Password,First Name,Last Name,Email,DOB,Phone Number
58,Manuel576,NfF925h9,Manuel,Corey,Manuel.Corey@gmail.com,1999-02-25,876-312-3980
17,Christopher303,ADe404a4,Christopher,Erik,Christopher.Erik@hotmail.com,1994-06-08,876-688-4336
44,Katelyn746,aqF820w0,Katelyn,Laura,Katelyn.Laura@hotmail.com,1992-04-10,876-452-6823
49,Trevor834,Ava617i3,Trevor,Becky,Trevor.Becky@hotmail.com,1994-10-30,876-068-8724
61,Amanda358,kWu802B0,Amanda,Linda,Amanda.Linda@hotmail.com,1995-04-05,876-739-0307
81,Steven299,lLN967c4,Steven,Erik,Steven.Erik@yahoo.com,1997-09-26,876-664-9444
2,Crystal827,GZo885X3,Crystal,Dawn,Crystal.Dawn@yahoo.com,2000-02-15,876-207-6974
88,Christian473,xpp437N4,Christian,Beth,Christian.Beth@yahoo.com,2002-07-09,876-186-9542
69,Kathy920,hRJ453O6,Kathy,Jared,Kathy.Jared@gmail.com,1997-07-29,876-876-5995
99,Diane590,ByN206Y7,Diane,Nancy,Diane.Nancy@gmail.com,1992-11-29,876-318-0038
94,Michael476,Hbz666E9,Michael,James,Michael.James@hotmail.com,2000-03-23,876-519-4120
88,Oscar182,imT524m0,Oscar,Phillip,Oscar.Phillip@yahoo.com,2000-12-04,876-936-1555
1,Raymond761,Ryb302D6,Raymond,Lisa,Raymond.Lisa@yahoo.com,2000-04-27,876-747-7181
60,Lori545,VBX794V1,Lori,Paula,Lori.Paula@gmail.com,1997-10-29,876-361-9420
62,Kevin321,XKX822d0,Kevin,Courtney,Kevin.Courtney@hotmail.com,1991-04-26,876-659-1171
35,Matthew868,itK805K3,Matthew,Megan,Matthew.Megan@yahoo.com,1992-08-20,876-417-6340
17,Erin880,Lem960U6,Erin,Brian,Erin.Brian@hotmail.com,1997-12-25,876-939-5369
5,James928,Xxb642A3,James,Kimberly,James.Kimberly@gmail.com,1991-06-30,876-317-3610
57,Daniel594,XcY608h7,Daniel,Andrew,Daniel.Andrew@gmail.com,1998-09-27,876-741-8582
52,Diamond613,ksq438V8,Diamond,Morgan,Diamond.Morgan@gmail.com,2000-06-18,876-672-1427
9,Corey785,wCi059F2,Corey,Timothy,Corey.Timothy@hotmail.com,1993-10-07,876-017-9191
40,Evan256,tac927t2,Evan,Steven,Evan.Steven@hotmail.com,1992-05-09,876-290-7591
53,Heidi556,BoJ137v6,Heidi,Alice,Heidi.Alice@yahoo.com,1994-06-15,876-893-7495
85,Thomas570,XNH952z8,Thomas,Joseph,Thomas.Joseph@yahoo.com,2001-12-08,876-741-9535
86,Emily292,EJP744i3,Emily,Jesse,Emily.Jesse@gmail.com,2001-04-03,876-280-1768
93,Nathan767,Olm292O9,Nathan,Linda,Nathan.Linda@gmail.com,1993-04-22,876-348-2675
92,Jasmine041,aGd796g6,Jasmine,Jaclyn,Jasmine.Jaclyn@hotmail.com,1995-02-16,876-348-3659
1,Sara083,WjT213n6,Sara,Mitchell,Sara.Mitchell@hotmail.com,2002-09-30,876-756-7044
98,Tracy476,gZH278o6,Tracy,Todd,Tracy.Todd@yahoo.com,1999-02-13,876-113-1840
32,Ronald970,mKU537G4,Ronald,Laura,Ronald.Laura@hotmail.com,2001-03-22,876-124-6341
95,Dorothy727,lbm140K6,Dorothy,Angela,Dorothy.Angela@yahoo.com,2003-02-22,876-860-4963
35,Michele704,Dzt843M7,Michele,Andrew,Michele.Andrew@gmail.com,1997-12-19,876-837-3798
96,Raven581,VYv949h8,Raven,Gwendolyn,Raven.Gwendolyn@gmail.com,1993-05-28,876-755-9591
16,Ryan076,NMH849C9,Ryan,Margaret,Ryan.Margaret@yahoo.com,1993-11-17,876-490-7617
70,James964,qmy557j9,James,James,James.James@yahoo.com,2003-02-20,876-849-7610
30,Garrett712,LPR055e7,Garrett,Melissa,Garrett.Melissa@yahoo.com,1997-10-13,876-973-4375
58,Michael082,ZiZ425n6,Michael,Sherry,Michael.Sherry@gmail.com,1999-01-26,876-743-5646
82,John657,fdQ514v5,John,James,John.James@hotmail.com,1993-01-29,876-515-8996
99,Rose444,OTS523B3,Rose,Cathy,Rose.Cathy@yahoo.com,1994-10-28,876-421-5606
23,Bruce982,nxo409V0,Bruce,Michael,Bruce.Michael@yahoo.com,1994-08-31,876-004-1879
18,Andrew754,JUl447v4,Andrew,Kimberly,Andrew.Kimberly@hotmail.com,2001-11-06,876-496-4988
100,Karen805,gKL554P9,Karen,Olivia,Karen.Olivia@hotmail.com,1999-08-02,876-641-6908
7,Taylor625,BTN293O2,Taylor,Seth,Taylor.Seth@yahoo.com,1993-08-11,876-812-5544
100,Melissa186,ceI621A1,Melissa,Robert,Melissa.Robert@yahoo.com,2000-07-01,876-072-3289
83,William581,wbC222l9,William,John,William.John@yahoo.com,1997-03-21,876-713-4891
80,George299,jxO910o5,George,Kevin,George.Kevin@yahoo.com,1992-06-16,876-576-1533
9,Jake660,Vuf778U8,Jake,Cynthia,Jake.Cynthia@hotmail.com,2001-04-08,876-138-0067
84,Morgan138,jDd982M0,Morgan,Nicole,Morgan.Nicole@yahoo.com,1997-11-01,876-394-3251
59,Brianna692,KzI813L1,Brianna,Tanya,Brianna.Tanya@gmail.com,1998-09-17,876-865-2176
91,Kelly320,Mkd358x0,Kelly,Sabrina,Kelly.Sabrina@yahoo.com,1993-04-03,876-269-7848
45,Rhonda578,unZ600f9,Rhonda,Nathan,Rhonda.Nathan@hotmail.com,1998-12-10,876-715-8562
59,Lorraine762,xxZ519x2,Lorraine,Carlos,Lorraine.Carlos@yahoo.com,1991-07-28,876-603-8244
20,Laurie800,kho902h1,Laurie,Alicia,Laurie.Alicia@hotmail.com,2002-01-01,876-008-4042
39,Devin115,CEj242R4,Devin,Jill,Devin.Jill@gmail.com,1996-11-16,876-193-3412
74,Megan637,CmE055M0,Megan,Dawn,Megan.Dawn@hotmail.com,1998-02-14,876-070-8580
98,Jade312,JeI868O4,Jade,Timothy,Jade.Timothy@yahoo.com,2003-02-28,876-550-2959
45,Jose696,Epw129g2,Jose,Angela,Jose.Angela@hotmail.com,2002-11-09,876-116-5897
66,Amy593,NuQ504a8,Amy,Bryan,Amy.Bryan@hotmail.com,1993-11-11,876-118-0740
75,Kristopher069,IdH971E7,Kristopher,Anita,Kristopher.Anita@hotmail.com,1996-09-07,876-138-3697
9,Jonathan122,gPQ040n6,Jonathan,Cody,Jonathan.Cody@hotmail.com,2002-09-29,876-348-3515
56,David024,Nzr276J1,David,Daniel,David.Daniel@hotmail.com,1992-08-23,876-011-5199
64,Kimberly658,ysv860J0,Kimberly,Richard,Kimberly.Richard@yahoo.com,1995-03-22,876-944-8712
98,Christine225,lva500Q7,Christine,Suzanne,Christine.Suzanne@gmail.com,1991-07-23,876-278-9513
74,Danny116,uUt143s2,Danny,Laurie,Danny.Laurie@yahoo.com,1992-05-19,876-197-3186
100,Zachary090,DsP507u6,Zachary,Anthony,Zachary.Anthony@gmail.com,1995-07-08,876-208-6930
29,Melanie949,yti771A6,Melanie,Jeffrey,Melanie.Jeffrey@hotmail.com,1997-07-06,876-380-8003
14,Robert613,ueV098g9,Robert,Richard,Robert.Richard@yahoo.com,2000-08-31,876-725-4598
94,Jeffrey173,kNL997z7,Jeffrey,Jeffrey,Jeffrey.Jeffrey@gmail.com,2002-03-30,876-020-9369
88,Omar585,GmD878z6,Omar,Renee,Omar.Renee@yahoo.com,1999-11-15,876-992-7635
59,Erin249,QSG869l7,Erin,Mark,Erin.Mark@hotmail.com,1997-03-08,876-744-2292
92,Hailey523,SzN804j7,Hailey,Patrick,Hailey.Patrick@yahoo.com,1994-01-29,876-732-6574
51,Travis722,Qez022r0,Travis,Stephen,Travis.Stephen@hotmail.com,1992-07-17,876-973-7828
8,Darin294,ASx044u9,Darin,Sherry,Darin.Sherry@gmail.com,1996-06-16,876-689-8173
58,Christina701,MkA991p6,Christina,Kimberly,Christina.Kimberly@yahoo.com,1992-09-27,876-969-6978
69,Cindy722,Ucl345l0,Cindy,James,Cindy.James@yahoo.com,1994-03-30,876-582-3754
70,Patrick598,pXn672q2,Patrick,Madison,Patrick.Madison@hotmail.com,1993-03-30,876-363-2039
15,Donald712,eFD686R4,Donald,Jacob,Donald.Jacob@gmail.com,2000-08-11,876-187-1991
13,Tyler794,tYD194t8,Tyler,Alexandra,Tyler.Alexandra@hotmail.com,1993-12-12,876-303-0534
35,Zachary859,tnM635y6,Zachary,Carl,Zachary.Carl@hotmail.com,1999-08-24,876-165-5222
92,Jessica845,Yiy407m5,Jessica,Mary,Jessica.Mary@hotmail.com,1994-01-30,876-200-1122
54,Christopher569,Qdh594c9,Christopher,Sabrina,Christopher.Sabrina@yahoo.com,1997-03-16,876-519-5318
68,Daniel346,Cya074z0,Daniel,Jennifer,Daniel.Jennifer@yahoo.com,2002-05-15,876-311-5776
43,Rachel993,RsT568L8,Rachel,Jordan,Rachel.Jordan@yahoo.com,1997-10-23,876-695-7527
61,Michelle271,KVG351Y6,Michelle,Kent,Michelle.Kent@yahoo.com,1998-01-11,876-805-2980
98,Kimberly546,qRb821L8,Kimberly,Andres,Kimberly.Andres@hotmail.com,1991-05-05,876-423-0173
25,Jason723,RDQ698b5,Jason,Mary,Jason.Mary@gmail.com,1999-12-25,876-515-4345
69,Benjamin924,hhw294W2,Benjamin,Shannon,Benjamin.Shannon@gmail.com,1999-06-15,876-062-6155
50,Jessica632,RRh161A5,Jessica,Robert,Jessica.Robert@hotmail.com,1994-12-17,876-656-8279
5,Lonnie852,DDv097Y0,Lonnie,Donald,Lonnie.Donald@gmail.com,1994-12-20,876-032-6600
88,Jane250,tOc186V5,Jane,Kimberly,Jane.Kimberly@hotmail.com,1999-07-18,876-867-7211
76,Charles555,AfB912j2,Charles,Savannah,Charles.Savannah@yahoo.com,1997-04-28,876-528-4238
66,Kathleen438,ghV973W7,Kathleen,Garrett,Kathleen.Garrett@gmail.com,1992-01-25,876-256-6839
49,Stephen734,Jrz646n2,Stephen,Tanner,Stephen.Tanner@yahoo.com,2000-05-10,876-894-0213
16,Kimberly791,ISn039m3,Kimberly,Chad,Kimberly.Chad@yahoo.com,1994-03-25,876-875-7582
72,Joshua831,fOF057T2,Joshua,Lindsay,Joshua.Lindsay@gmail.com,1991-08-24,876-679-0180
73,Chad668,wLd042P9,Chad,Rhonda,Chad.Rhonda@hotmail.com,1995-06-23,876-917-2703
97,Austin179,gHT934q7,Austin,Cynthia,Austin.Cynthia@gmail.com,2002-08-14,876-959-1939
90,Anthony285,OtD913f2,Anthony,Gloria,Anthony.Gloria@yahoo.com,1992-01-15,876-813-2932
52,Corey755,Sre362e4,Corey,Ashley,Corey.Ashley@hotmail.com,1998-09-02,876-003-2847
